legacy_exploitation_id,source_usage_codes,primary_usage_code,secondary_usage_codes,provenance
"1","5A","5","","ods:20260804_export_bdd_prelevement_samy.ods"
"2","5A","5","","ods:20260804_export_bdd_prelevement_samy.ods"
"3","5A","5","","ods:20260804_export_bdd_prelevement_samy.ods"
"4","5A","5","","ods:20260804_export_bdd_prelevement_samy.ods"
"5","5A","5","","ods:20260804_export_bdd_prelevement_samy.ods"
"6","5A","5","","ods:20260804_export_bdd_prelevement_samy.ods"
"7","5A","5","","ods:20260804_export_bdd_prelevement_samy.ods"
"8","5A","5","","ods:20260804_export_bdd_prelevement_samy.ods"
"9","5A","5","","ods:20260804_export_bdd_prelevement_samy.ods"
"10","5A","5","","ods:20260804_export_bdd_prelevement_samy.ods"
"11","5A","5","","ods:20260804_export_bdd_prelevement_samy.ods"
"12","5A","5","","ods:20260804_export_bdd_prelevement_samy.ods"
"13","5A","5","","ods:20260804_export_bdd_prelevement_samy.ods"
"14","5A","5","","ods:20260804_export_bdd_prelevement_samy.ods"
"15","5A","5","","ods:20260804_export_bdd_prelevement_samy.ods"
"16","5A","5","","ods:20260804_export_bdd_prelevement_samy.ods"
"17","5A","5","","ods:20260804_export_bdd_prelevement_samy.ods"
"18","5A","5","","ods:20260804_export_bdd_prelevement_samy.ods"
"19","5A","5","","ods:20260804_export_bdd_prelevement_samy.ods"
"20","5A","5","","ods:20260804_export_bdd_prelevement_samy.ods"
"21","4B","4","","ods:20260804_export_bdd_prelevement_samy.ods"
"22","6D, 5A","6","5","ods:20260804_export_bdd_prelevement_samy.ods"
"23","6D","6","","ods:20260804_export_bdd_prelevement_samy.ods"
"24","5A","5","","ods:20260804_export_bdd_prelevement_samy.ods"
"25","5A","5","","ods:20260804_export_bdd_prelevement_samy.ods"
"26","5A","5","","ods:20260804_export_bdd_prelevement_samy.ods"
"27","5A","5","","ods:20260804_export_bdd_prelevement_samy.ods"
"28","5A","5","","ods:20260804_export_bdd_prelevement_samy.ods"
"29","5A","5","","ods:20260804_export_bdd_prelevement_samy.ods"
"30","5A","5","","ods:20260804_export_bdd_prelevement_samy.ods"
"31","5A","5","","ods:20260804_export_bdd_prelevement_samy.ods"
"32","5A","5","","ods:20260804_export_bdd_prelevement_samy.ods"
"33","5A","5","","ods:20260804_export_bdd_prelevement_samy.ods"
"34","5A","5","","ods:20260804_export_bdd_prelevement_samy.ods"
"35","5A","5","","ods:20260804_export_bdd_prelevement_samy.ods"
"36","5A","5","","ods:20260804_export_bdd_prelevement_samy.ods"
"37","5A","5","","ods:20260804_export_bdd_prelevement_samy.ods"
"38","5A","5","","ods:20260804_export_bdd_prelevement_samy.ods"
"39","5A","5","","ods:20260804_export_bdd_prelevement_samy.ods"
"40","5A","5","","ods:20260804_export_bdd_prelevement_samy.ods"
"41","5A","5","","ods:20260804_export_bdd_prelevement_samy.ods"
"42","2A, 5A, 4A, 4B","2","5|4","ods:20260804_export_bdd_prelevement_samy.ods"
"43","2A, 5A, 4A, 4B","2","5|4","ods:20260804_export_bdd_prelevement_samy.ods"
"44","2A, 5A, 4A, 4B","2","5|4","ods:20260804_export_bdd_prelevement_samy.ods"
"45","2A, 5A, 4A, 4B","2","5|4","ods:20260804_export_bdd_prelevement_samy.ods"
"46","5A","5","","ods:20260804_export_bdd_prelevement_samy.ods"
"47","5A","5","","ods:20260804_export_bdd_prelevement_samy.ods"
"48","5A","5","","ods:20260804_export_bdd_prelevement_samy.ods"
"49","5A","5","","ods:20260804_export_bdd_prelevement_samy.ods"
"50","5A","5","","ods:20260804_export_bdd_prelevement_samy.ods"
"51","5A","5","","ods:20260804_export_bdd_prelevement_samy.ods"
"52","5A","5","","ods:20260804_export_bdd_prelevement_samy.ods"
"53","5A","5","","ods:20260804_export_bdd_prelevement_samy.ods"
"54","8","8","","ods:20260804_export_bdd_prelevement_samy.ods"
"55","5A","5","","ods:20260804_export_bdd_prelevement_samy.ods"
"56","5A","5","","ods:20260804_export_bdd_prelevement_samy.ods"
"57","8","8","","ods:20260804_export_bdd_prelevement_samy.ods"
"58","5A","5","","ods:20260804_export_bdd_prelevement_samy.ods"
"59","5A","5","","ods:20260804_export_bdd_prelevement_samy.ods"
"60","5A","5","","ods:20260804_export_bdd_prelevement_samy.ods"
"61","5A","5","","ods:20260804_export_bdd_prelevement_samy.ods"
"62","5A","5","","ods:20260804_export_bdd_prelevement_samy.ods"
"63","5A","5","","ods:20260804_export_bdd_prelevement_samy.ods"
"64","5A","5","","ods:20260804_export_bdd_prelevement_samy.ods"
"65","5A","5","","ods:20260804_export_bdd_prelevement_samy.ods"
"66","5A","5","","ods:20260804_export_bdd_prelevement_samy.ods"
"68","5A","5","","ods:20260804_export_bdd_prelevement_samy.ods"
"69","2A","2","","ods:20260804_export_bdd_prelevement_samy.ods"
"70","5A","5","","ods:20260804_export_bdd_prelevement_samy.ods"
"71","5A","5","","ods:20260804_export_bdd_prelevement_samy.ods"
"72","5A","5","","ods:20260804_export_bdd_prelevement_samy.ods"
"73","5A","5","","ods:20260804_export_bdd_prelevement_samy.ods"
"74","5A","5","","ods:20260804_export_bdd_prelevement_samy.ods"
"75","5A","5","","ods:20260804_export_bdd_prelevement_samy.ods"
"76","5A","5","","ods:20260804_export_bdd_prelevement_samy.ods"
"77","5A","5","","ods:20260804_export_bdd_prelevement_samy.ods"
"78","5A","5","","ods:20260804_export_bdd_prelevement_samy.ods"
"79","5A","5","","ods:20260804_export_bdd_prelevement_samy.ods"
"80","5A","5","","ods:20260804_export_bdd_prelevement_samy.ods"
"81","5A","5","","ods:20260804_export_bdd_prelevement_samy.ods"
"82","5A","5","","ods:20260804_export_bdd_prelevement_samy.ods"
"83","5A","5","","ods:20260804_export_bdd_prelevement_samy.ods"
"84","5A","5","","ods:20260804_export_bdd_prelevement_samy.ods"
"85","5A","5","","ods:20260804_export_bdd_prelevement_samy.ods"
"86","5A","5","","ods:20260804_export_bdd_prelevement_samy.ods"
"87","5A","5","","ods:20260804_export_bdd_prelevement_samy.ods"
"88","5A","5","","ods:20260804_export_bdd_prelevement_samy.ods"
"89","5A","5","","ods:20260804_export_bdd_prelevement_samy.ods"
"90","5A","5","","ods:20260804_export_bdd_prelevement_samy.ods"
"91","5A","5","","ods:20260804_export_bdd_prelevement_samy.ods"
"92","5A","5","","ods:20260804_export_bdd_prelevement_samy.ods"
"93","5A","5","","ods:20260804_export_bdd_prelevement_samy.ods"
"94","5A","5","","ods:20260804_export_bdd_prelevement_samy.ods"
"95","5A","5","","ods:20260804_export_bdd_prelevement_samy.ods"
"96","5A","5","","ods:20260804_export_bdd_prelevement_samy.ods"
"97","5A","5","","ods:20260804_export_bdd_prelevement_samy.ods"
"98","5A","5","","ods:20260804_export_bdd_prelevement_samy.ods"
"99","5A","5","","ods:20260804_export_bdd_prelevement_samy.ods"
"100","5A","5","","ods:20260804_export_bdd_prelevement_samy.ods"
"101","5A","5","","ods:20260804_export_bdd_prelevement_samy.ods"
"102","5A","5","","ods:20260804_export_bdd_prelevement_samy.ods"
"103","5A","5","","ods:20260804_export_bdd_prelevement_samy.ods"
"104","5A","5","","ods:20260804_export_bdd_prelevement_samy.ods"
"105","5A","5","","ods:20260804_export_bdd_prelevement_samy.ods"
"106","5A","5","","ods:20260804_export_bdd_prelevement_samy.ods"
"107","5A","5","","ods:20260804_export_bdd_prelevement_samy.ods"
"108","5A","5","","ods:20260804_export_bdd_prelevement_samy.ods"
"109","5A","5","","ods:20260804_export_bdd_prelevement_samy.ods"
"110","5A","5","","ods:20260804_export_bdd_prelevement_samy.ods"
"111","5A","5","","ods:20260804_export_bdd_prelevement_samy.ods"
"112","5A","5","","ods:20260804_export_bdd_prelevement_samy.ods"
"113","5A","5","","ods:20260804_export_bdd_prelevement_samy.ods"
"114","5A","5","","ods:20260804_export_bdd_prelevement_samy.ods"
"115","5A","5","","ods:20260804_export_bdd_prelevement_samy.ods"
"116","5A","5","","ods:20260804_export_bdd_prelevement_samy.ods"
"117","5A","5","","ods:20260804_export_bdd_prelevement_samy.ods"
"118","5A","5","","ods:20260804_export_bdd_prelevement_samy.ods"
"119","5A","5","","ods:20260804_export_bdd_prelevement_samy.ods"
"120","5A","5","","ods:20260804_export_bdd_prelevement_samy.ods"
"121","5A","5","","ods:20260804_export_bdd_prelevement_samy.ods"
"122","5A","5","","ods:20260804_export_bdd_prelevement_samy.ods"
"123","5A","5","","ods:20260804_export_bdd_prelevement_samy.ods"
"124","5A","5","","ods:20260804_export_bdd_prelevement_samy.ods"
"125","5A","5","","ods:20260804_export_bdd_prelevement_samy.ods"
"126","5A","5","","ods:20260804_export_bdd_prelevement_samy.ods"
"127","5A","5","","ods:20260804_export_bdd_prelevement_samy.ods"
"128","5A","5","","ods:20260804_export_bdd_prelevement_samy.ods"
"129","5A","5","","ods:20260804_export_bdd_prelevement_samy.ods"
"130","6","6","","ods:20260804_export_bdd_prelevement_samy.ods"
"131","6","6","","ods:20260804_export_bdd_prelevement_samy.ods"
"132","2A, 5A, 3A","2","5|3","ods:20260804_export_bdd_prelevement_samy.ods"
"133","2A, 5A, 3A","2","5|3","ods:20260804_export_bdd_prelevement_samy.ods"
"134","5A","5","","ods:20260804_export_bdd_prelevement_samy.ods"
"135","5A","5","","ods:20260804_export_bdd_prelevement_samy.ods"
"136","5A","5","","ods:20260804_export_bdd_prelevement_samy.ods"
"137","5A","5","","ods:20260804_export_bdd_prelevement_samy.ods"
"138","5A","5","","ods:20260804_export_bdd_prelevement_samy.ods"
"139","5A","5","","ods:20260804_export_bdd_prelevement_samy.ods"
"140","5A","5","","ods:20260804_export_bdd_prelevement_samy.ods"
"141","5A","5","","ods:20260804_export_bdd_prelevement_samy.ods"
"142","5A","5","","ods:20260804_export_bdd_prelevement_samy.ods"
"143","5A","5","","ods:20260804_export_bdd_prelevement_samy.ods"
"144","5A","5","","ods:20260804_export_bdd_prelevement_samy.ods"
"145","5A","5","","ods:20260804_export_bdd_prelevement_samy.ods"
"146","8","8","","ods:20260804_export_bdd_prelevement_samy.ods"
"147","5A","5","","ods:20260804_export_bdd_prelevement_samy.ods"
"148","5A","5","","ods:20260804_export_bdd_prelevement_samy.ods"
"149","8","8","","ods:20260804_export_bdd_prelevement_samy.ods"
"150","5A","5","","ods:20260804_export_bdd_prelevement_samy.ods"
"151","5A","5","","ods:20260804_export_bdd_prelevement_samy.ods"
"152","5A","5","","ods:20260804_export_bdd_prelevement_samy.ods"
"153","5A","5","","ods:20260804_export_bdd_prelevement_samy.ods"
"154","5A","5","","ods:20260804_export_bdd_prelevement_samy.ods"
"155","4B","4","","ods:20260804_export_bdd_prelevement_samy.ods"
"156","2A","2","","ods:20260804_export_bdd_prelevement_samy.ods"
"157","5A","5","","ods:20260804_export_bdd_prelevement_samy.ods"
"158","5A","5","","ods:20260804_export_bdd_prelevement_samy.ods"
"159","5A","5","","ods:20260804_export_bdd_prelevement_samy.ods"
"160","5A","5","","ods:20260804_export_bdd_prelevement_samy.ods"
"161","5A","5","","ods:20260804_export_bdd_prelevement_samy.ods"
"162","5A","5","","ods:20260804_export_bdd_prelevement_samy.ods"
"163","5A","5","","ods:20260804_export_bdd_prelevement_samy.ods"
"164","5A","5","","ods:20260804_export_bdd_prelevement_samy.ods"
"165","5A","5","","ods:20260804_export_bdd_prelevement_samy.ods"
"167","5A","5","","ods:20260804_export_bdd_prelevement_samy.ods"
"168","5A","5","","ods:20260804_export_bdd_prelevement_samy.ods"
"169","5A","5","","ods:20260804_export_bdd_prelevement_samy.ods"
"170","5A","5","","ods:20260804_export_bdd_prelevement_samy.ods"
"171","5A","5","","ods:20260804_export_bdd_prelevement_samy.ods"
"172","5A","5","","ods:20260804_export_bdd_prelevement_samy.ods"
"173","5A","5","","ods:20260804_export_bdd_prelevement_samy.ods"
"174","5A","5","","ods:20260804_export_bdd_prelevement_samy.ods"
"175","5A","5","","ods:20260804_export_bdd_prelevement_samy.ods"
"176","5A","5","","ods:20260804_export_bdd_prelevement_samy.ods"
"177","5A","5","","ods:20260804_export_bdd_prelevement_samy.ods"
"178","5A","5","","ods:20260804_export_bdd_prelevement_samy.ods"
"179","5A","5","","ods:20260804_export_bdd_prelevement_samy.ods"
"180","5A","5","","ods:20260804_export_bdd_prelevement_samy.ods"
"181","5A","5","","ods:20260804_export_bdd_prelevement_samy.ods"
"182","5A","5","","ods:20260804_export_bdd_prelevement_samy.ods"
"183","5A","5","","ods:20260804_export_bdd_prelevement_samy.ods"
"184","5A","5","","ods:20260804_export_bdd_prelevement_samy.ods"
"185","5A","5","","ods:20260804_export_bdd_prelevement_samy.ods"
"186","4A","4","","ods:20260804_export_bdd_prelevement_samy.ods"
"187","5A","5","","ods:20260804_export_bdd_prelevement_samy.ods"
"189","5A","5","","ods:20260804_export_bdd_prelevement_samy.ods"
"190","5A","5","","ods:20260804_export_bdd_prelevement_samy.ods"
"191","5A","5","","ods:20260804_export_bdd_prelevement_samy.ods"
"192","5A","5","","ods:20260804_export_bdd_prelevement_samy.ods"
"193","5A","5","","ods:20260804_export_bdd_prelevement_samy.ods"
"194","5A","5","","ods:20260804_export_bdd_prelevement_samy.ods"
"195","5A","5","","ods:20260804_export_bdd_prelevement_samy.ods"
"196","5A","5","","ods:20260804_export_bdd_prelevement_samy.ods"
"197","5A","5","","ods:20260804_export_bdd_prelevement_samy.ods"
"198","5A","5","","ods:20260804_export_bdd_prelevement_samy.ods"
"199","5A","5","","ods:20260804_export_bdd_prelevement_samy.ods"
"200","5A","5","","ods:20260804_export_bdd_prelevement_samy.ods"
"201","5A","5","","ods:20260804_export_bdd_prelevement_samy.ods"
"202","5A","5","","ods:20260804_export_bdd_prelevement_samy.ods"
"203","5A","5","","ods:20260804_export_bdd_prelevement_samy.ods"
"204","5A","5","","ods:20260804_export_bdd_prelevement_samy.ods"
"205","5A","5","","ods:20260804_export_bdd_prelevement_samy.ods"
"206","5A","5","","ods:20260804_export_bdd_prelevement_samy.ods"
"207","5A","5","","ods:20260804_export_bdd_prelevement_samy.ods"
"208","5A","5","","ods:20260804_export_bdd_prelevement_samy.ods"
"209","5A","5","","ods:20260804_export_bdd_prelevement_samy.ods"
"210","5A","5","","ods:20260804_export_bdd_prelevement_samy.ods"
"211","5A","5","","ods:20260804_export_bdd_prelevement_samy.ods"
"212","5A","5","","ods:20260804_export_bdd_prelevement_samy.ods"
"213","5A","5","","ods:20260804_export_bdd_prelevement_samy.ods"
"214","5A","5","","ods:20260804_export_bdd_prelevement_samy.ods"
"215","5A","5","","ods:20260804_export_bdd_prelevement_samy.ods"
"216","5A","5","","ods:20260804_export_bdd_prelevement_samy.ods"
"217","5A","5","","ods:20260804_export_bdd_prelevement_samy.ods"
"218","5A","5","","ods:20260804_export_bdd_prelevement_samy.ods"
"219","5A","5","","ods:20260804_export_bdd_prelevement_samy.ods"
"220","5A","5","","ods:20260804_export_bdd_prelevement_samy.ods"
"221","2A, 5A","2","5","ods:20260804_export_bdd_prelevement_samy.ods"
"222","2A, 5A","2","5","ods:20260804_export_bdd_prelevement_samy.ods"
"223","2A, 5A","2","5","ods:20260804_export_bdd_prelevement_samy.ods"
"224","5A","5","","ods:20260804_export_bdd_prelevement_samy.ods"
"225","5A","5","","ods:20260804_export_bdd_prelevement_samy.ods"
"226","5A","5","","ods:20260804_export_bdd_prelevement_samy.ods"
"227","5A","5","","ods:20260804_export_bdd_prelevement_samy.ods"
"228","5A","5","","ods:20260804_export_bdd_prelevement_samy.ods"
"229","5A","5","","ods:20260804_export_bdd_prelevement_samy.ods"
"230","5A","5","","ods:20260804_export_bdd_prelevement_samy.ods"
"231","5A","5","","ods:20260804_export_bdd_prelevement_samy.ods"
"232","5A","5","","ods:20260804_export_bdd_prelevement_samy.ods"
"233","5A","5","","ods:20260804_export_bdd_prelevement_samy.ods"
"234","5A","5","","ods:20260804_export_bdd_prelevement_samy.ods"
"235","5A","5","","ods:20260804_export_bdd_prelevement_samy.ods"
"236","5A","5","","ods:20260804_export_bdd_prelevement_samy.ods"
"237","5A","5","","ods:20260804_export_bdd_prelevement_samy.ods"
"238","5A","5","","ods:20260804_export_bdd_prelevement_samy.ods"
"240","2A, 5A","2","5","ods:20260804_export_bdd_prelevement_samy.ods"
"241","5A","5","","ods:20260804_export_bdd_prelevement_samy.ods"
"242","5A","5","","ods:20260804_export_bdd_prelevement_samy.ods"
"243","5A","5","","ods:20260804_export_bdd_prelevement_samy.ods"
"244","5A","5","","ods:20260804_export_bdd_prelevement_samy.ods"
"245","5A","5","","ods:20260804_export_bdd_prelevement_samy.ods"
"246","5A","5","","ods:20260804_export_bdd_prelevement_samy.ods"
"247","5A","5","","ods:20260804_export_bdd_prelevement_samy.ods"
"248","5A","5","","ods:20260804_export_bdd_prelevement_samy.ods"
"249","2A, 5A","2","5","ods:20260804_export_bdd_prelevement_samy.ods"
"250","5A","5","","ods:20260804_export_bdd_prelevement_samy.ods"
"251","5A","5","","ods:20260804_export_bdd_prelevement_samy.ods"
"252","2A, 5A","2","5","ods:20260804_export_bdd_prelevement_samy.ods"
"253","5A","5","","ods:20260804_export_bdd_prelevement_samy.ods"
"254","5A","5","","ods:20260804_export_bdd_prelevement_samy.ods"
"255","4A","4","","ods:20260804_export_bdd_prelevement_samy.ods"
"256","2A, 5A","2","5","ods:20260804_export_bdd_prelevement_samy.ods"
"257","2A, 5A, 4A, 4B","2","5|4","ods:20260804_export_bdd_prelevement_samy.ods"
"258","2A, 5A, 4A, 4B","2","5|4","ods:20260804_export_bdd_prelevement_samy.ods"
"259","2A, 5A, 4A, 4B","2","5|4","ods:20260804_export_bdd_prelevement_samy.ods"
"260","5A","5","","ods:20260804_export_bdd_prelevement_samy.ods"
"261","5A","5","","ods:20260804_export_bdd_prelevement_samy.ods"
"262","6","6","","ods:20260804_export_bdd_prelevement_samy.ods"
"263","4A","4","","ods:20260804_export_bdd_prelevement_samy.ods"
"264","4B","4","","ods:20260804_export_bdd_prelevement_samy.ods"
"266","5A","5","","ods:20260804_export_bdd_prelevement_samy.ods"
"267","5A","5","","ods:20260804_export_bdd_prelevement_samy.ods"
"268","5A","5","","ods:20260804_export_bdd_prelevement_samy.ods"
"272","5A","5","","ods:20260804_export_bdd_prelevement_samy.ods"
"276","5A","5","","ods:20260804_export_bdd_prelevement_samy.ods"
"277","5A","5","","ods:20260804_export_bdd_prelevement_samy.ods"
"278","5A","5","","ods:20260804_export_bdd_prelevement_samy.ods"
"279","5A","5","","ods:20260804_export_bdd_prelevement_samy.ods"
"280","5A","5","","ods:20260804_export_bdd_prelevement_samy.ods"
"281","5A","5","","ods:20260804_export_bdd_prelevement_samy.ods"
"282","5A","5","","ods:20260804_export_bdd_prelevement_samy.ods"
"283","5A","5","","ods:20260804_export_bdd_prelevement_samy.ods"
"284","5A","5","","ods:20260804_export_bdd_prelevement_samy.ods"
"285","5A","5","","ods:20260804_export_bdd_prelevement_samy.ods"
"286","5A","5","","ods:20260804_export_bdd_prelevement_samy.ods"
"288","5A","5","","ods:20260804_export_bdd_prelevement_samy.ods"
"289","5A","5","","ods:20260804_export_bdd_prelevement_samy.ods"
"290","5A","5","","ods:20260804_export_bdd_prelevement_samy.ods"
"291","5A","5","","ods:20260804_export_bdd_prelevement_samy.ods"
"292","5A","5","","ods:20260804_export_bdd_prelevement_samy.ods"
"293","5A","5","","ods:20260804_export_bdd_prelevement_samy.ods"
"294","5A","5","","ods:20260804_export_bdd_prelevement_samy.ods"
"295","5A","5","","ods:20260804_export_bdd_prelevement_samy.ods"
"296","5A","5","","ods:20260804_export_bdd_prelevement_samy.ods"
"297","5A","5","","ods:20260804_export_bdd_prelevement_samy.ods"
"298","5A","5","","ods:20260804_export_bdd_prelevement_samy.ods"
"299","5A","5","","ods:20260804_export_bdd_prelevement_samy.ods"
"300","5A","5","","ods:20260804_export_bdd_prelevement_samy.ods"
"301","5A","5","","ods:20260804_export_bdd_prelevement_samy.ods"
"302","5A","5","","ods:20260804_export_bdd_prelevement_samy.ods"
"304","5A","5","","ods:20260804_export_bdd_prelevement_samy.ods"
"307","5A","5","","ods:20260804_export_bdd_prelevement_samy.ods"
"308","5A","5","","ods:20260804_export_bdd_prelevement_samy.ods"
"309","5A","5","","ods:20260804_export_bdd_prelevement_samy.ods"
"310","5A","5","","ods:20260804_export_bdd_prelevement_samy.ods"
"311","5A","5","","ods:20260804_export_bdd_prelevement_samy.ods"
"312","5A","5","","ods:20260804_export_bdd_prelevement_samy.ods"
"313","5A","5","","ods:20260804_export_bdd_prelevement_samy.ods"
"314","5A","5","","ods:20260804_export_bdd_prelevement_samy.ods"
"315","5A","5","","ods:20260804_export_bdd_prelevement_samy.ods"
"316","5A","5","","ods:20260804_export_bdd_prelevement_samy.ods"
"317","5A","5","","ods:20260804_export_bdd_prelevement_samy.ods"
"318","5A","5","","ods:20260804_export_bdd_prelevement_samy.ods"
"319","2A","2","","ods:20260804_export_bdd_prelevement_samy.ods"
"320","5A","5","","ods:20260804_export_bdd_prelevement_samy.ods"
"321","5A","5","","ods:20260804_export_bdd_prelevement_samy.ods"
"322","2A","2","","ods:20260804_export_bdd_prelevement_samy.ods"
"323","4A","4","","ods:20260804_export_bdd_prelevement_samy.ods"
"324","5A","5","","ods:20260804_export_bdd_prelevement_samy.ods"
"325","5A","5","","ods:20260804_export_bdd_prelevement_samy.ods"
"326","5A","5","","ods:20260804_export_bdd_prelevement_samy.ods"
"327","5A","5","","ods:20260804_export_bdd_prelevement_samy.ods"
"328","5A","5","","ods:20260804_export_bdd_prelevement_samy.ods"
"329","5A","5","","ods:20260804_export_bdd_prelevement_samy.ods"
"330","5A","5","","ods:20260804_export_bdd_prelevement_samy.ods"
"331","5A","5","","ods:20260804_export_bdd_prelevement_samy.ods"
"332","5A","5","","ods:20260804_export_bdd_prelevement_samy.ods"
"333","5A","5","","ods:20260804_export_bdd_prelevement_samy.ods"
"334","5A","5","","ods:20260804_export_bdd_prelevement_samy.ods"
"335","4A","4","","ods:20260804_export_bdd_prelevement_samy.ods"
"336","2A","2","","ods:20260804_export_bdd_prelevement_samy.ods"
"337","5A","5","","ods:20260804_export_bdd_prelevement_samy.ods"
"338","5A","5","","ods:20260804_export_bdd_prelevement_samy.ods"
"339","4B","4","","ods:20260804_export_bdd_prelevement_samy.ods"
"340","5A","5","","ods:20260804_export_bdd_prelevement_samy.ods"
"341","5A","5","","ods:20260804_export_bdd_prelevement_samy.ods"
"342","6D","6","","ods:20260804_export_bdd_prelevement_samy.ods"
"343","2A, 5A","2","5","ods:20260804_export_bdd_prelevement_samy.ods"
"344","5A","5","","ods:20260804_export_bdd_prelevement_samy.ods"
"345","5A","5","","ods:20260804_export_bdd_prelevement_samy.ods"
"346","5A","5","","ods:20260804_export_bdd_prelevement_samy.ods"
"347","5A","5","","ods:20260804_export_bdd_prelevement_samy.ods"
"348","5A","5","","ods:20260804_export_bdd_prelevement_samy.ods"
"349","5A","5","","ods:20260804_export_bdd_prelevement_samy.ods"
"350","5A","5","","ods:20260804_export_bdd_prelevement_samy.ods"
"351","5A","5","","ods:20260804_export_bdd_prelevement_samy.ods"
"352","5A","5","","ods:20260804_export_bdd_prelevement_samy.ods"
"353","5A","5","","ods:20260804_export_bdd_prelevement_samy.ods"
"354","2A","2","","ods:20260804_export_bdd_prelevement_samy.ods"
"355","5A","5","","ods:20260804_export_bdd_prelevement_samy.ods"
"356","5A","5","","ods:20260804_export_bdd_prelevement_samy.ods"
"357","5A","5","","ods:20260804_export_bdd_prelevement_samy.ods"
"358","5A","5","","ods:20260804_export_bdd_prelevement_samy.ods"
"359","5A","5","","ods:20260804_export_bdd_prelevement_samy.ods"
"360","5A","5","","ods:20260804_export_bdd_prelevement_samy.ods"
"361","6D, 5A","6","5","ods:20260804_export_bdd_prelevement_samy.ods"
"362","5A","5","","ods:20260804_export_bdd_prelevement_samy.ods"
"363","5A","5","","ods:20260804_export_bdd_prelevement_samy.ods"
"364","5A","5","","ods:20260804_export_bdd_prelevement_samy.ods"
"365","5A","5","","ods:20260804_export_bdd_prelevement_samy.ods"
"366","5A","5","","ods:20260804_export_bdd_prelevement_samy.ods"
"367","5A","5","","ods:20260804_export_bdd_prelevement_samy.ods"
"368","5A","5","","ods:20260804_export_bdd_prelevement_samy.ods"
"369","5A","5","","ods:20260804_export_bdd_prelevement_samy.ods"
"370","6","6","","ods:20260804_export_bdd_prelevement_samy.ods"
"371","4A","4","","ods:20260804_export_bdd_prelevement_samy.ods"
"372","5A","5","","ods:20260804_export_bdd_prelevement_samy.ods"
"373","5A","5","","ods:20260804_export_bdd_prelevement_samy.ods"
"374","5A","5","","ods:20260804_export_bdd_prelevement_samy.ods"
"375","5A","5","","ods:20260804_export_bdd_prelevement_samy.ods"
"376","2A, 5A, 3A","2","5|3","ods:20260804_export_bdd_prelevement_samy.ods"
"377","2A, 5A, 3A","2","5|3","ods:20260804_export_bdd_prelevement_samy.ods"
"378","5A","5","","ods:20260804_export_bdd_prelevement_samy.ods"
"379","5A","5","","ods:20260804_export_bdd_prelevement_samy.ods"
"380","5A","5","","ods:20260804_export_bdd_prelevement_samy.ods"
"381","5A","5","","ods:20260804_export_bdd_prelevement_samy.ods"
"382","5A","5","","ods:20260804_export_bdd_prelevement_samy.ods"
"384","5A","5","","ods:20260804_export_bdd_prelevement_samy.ods"
"385","5A","5","","ods:20260804_export_bdd_prelevement_samy.ods"
"386","5A","5","","ods:20260804_export_bdd_prelevement_samy.ods"
"388","5A","5","","ods:20260804_export_bdd_prelevement_samy.ods"
"389","5A","5","","ods:20260804_export_bdd_prelevement_samy.ods"
"390","5A","5","","ods:20260804_export_bdd_prelevement_samy.ods"
"391","5A","5","","ods:20260804_export_bdd_prelevement_samy.ods"
"396","5A","5","","ods:20260804_export_bdd_prelevement_samy.ods"
"397","5A","5","","ods:20260804_export_bdd_prelevement_samy.ods"
"398","5A","5","","ods:20260804_export_bdd_prelevement_samy.ods"
"399","5A","5","","ods:20260804_export_bdd_prelevement_samy.ods"
"400","5A","5","","ods:20260804_export_bdd_prelevement_samy.ods"
"401","5A","5","","ods:20260804_export_bdd_prelevement_samy.ods"
"402","5A","5","","ods:20260804_export_bdd_prelevement_samy.ods"
"403","5A","5","","ods:20260804_export_bdd_prelevement_samy.ods"
"404","5A","5","","ods:20260804_export_bdd_prelevement_samy.ods"
"405","5A","5","","ods:20260804_export_bdd_prelevement_samy.ods"
"406","5A","5","","ods:20260804_export_bdd_prelevement_samy.ods"
"407","5A","5","","ods:20260804_export_bdd_prelevement_samy.ods"
"408","5A","5","","ods:20260804_export_bdd_prelevement_samy.ods"
"409","5A","5","","ods:20260804_export_bdd_prelevement_samy.ods"
"410","5A","5","","ods:20260804_export_bdd_prelevement_samy.ods"
"411","5A","5","","ods:20260804_export_bdd_prelevement_samy.ods"
"412","5A","5","","ods:20260804_export_bdd_prelevement_samy.ods"
"413","5A","5","","ods:20260804_export_bdd_prelevement_samy.ods"
"414","5A","5","","ods:20260804_export_bdd_prelevement_samy.ods"
"415","5A","5","","ods:20260804_export_bdd_prelevement_samy.ods"
"416","5A","5","","ods:20260804_export_bdd_prelevement_samy.ods"
"417","5A","5","","ods:20260804_export_bdd_prelevement_samy.ods"
"418","5A","5","","ods:20260804_export_bdd_prelevement_samy.ods"
"419","5A","5","","ods:20260804_export_bdd_prelevement_samy.ods"
"420","5A","5","","ods:20260804_export_bdd_prelevement_samy.ods"
"421","5A","5","","ods:20260804_export_bdd_prelevement_samy.ods"
"422","5A","5","","ods:20260804_export_bdd_prelevement_samy.ods"
"423","5A","5","","ods:20260804_export_bdd_prelevement_samy.ods"
"425","2A","2","","ods:20260804_export_bdd_prelevement_samy.ods"
"426","5A","5","","ods:20260804_export_bdd_prelevement_samy.ods"
"427","5A","5","","ods:20260804_export_bdd_prelevement_samy.ods"
"429","5A","5","","ods:20260804_export_bdd_prelevement_samy.ods"
"430","5A","5","","ods:20260804_export_bdd_prelevement_samy.ods"
"431","5A","5","","ods:20260804_export_bdd_prelevement_samy.ods"
"432","5A","5","","ods:20260804_export_bdd_prelevement_samy.ods"
"434","5A","5","","ods:20260804_export_bdd_prelevement_samy.ods"
"435","5A","5","","ods:20260804_export_bdd_prelevement_samy.ods"
"436","5A","5","","ods:20260804_export_bdd_prelevement_samy.ods"
"437","5A","5","","ods:20260804_export_bdd_prelevement_samy.ods"
"438","5A","5","","ods:20260804_export_bdd_prelevement_samy.ods"
"439","5A","5","","ods:20260804_export_bdd_prelevement_samy.ods"
"440","5A","5","","ods:20260804_export_bdd_prelevement_samy.ods"
"441","5A","5","","ods:20260804_export_bdd_prelevement_samy.ods"
"444","5A","5","","ods:20260804_export_bdd_prelevement_samy.ods"
"445","5A","5","","ods:20260804_export_bdd_prelevement_samy.ods"
"446","5A","5","","ods:20260804_export_bdd_prelevement_samy.ods"
"447","5A","5","","ods:20260804_export_bdd_prelevement_samy.ods"
"448","5A","5","","ods:20260804_export_bdd_prelevement_samy.ods"
"449","6D, 5A","6","5","ods:20260804_export_bdd_prelevement_samy.ods"
"450","5A","5","","ods:20260804_export_bdd_prelevement_samy.ods"
"451","8","8","","ods:20260804_export_bdd_prelevement_samy.ods"
"452","5A","5","","ods:20260804_export_bdd_prelevement_samy.ods"
"453","5A","5","","ods:20260804_export_bdd_prelevement_samy.ods"
"454","6D, 5A","6","5","ods:20260804_export_bdd_prelevement_samy.ods"
"455","5A","5","","ods:20260804_export_bdd_prelevement_samy.ods"
"456","5A","5","","ods:20260804_export_bdd_prelevement_samy.ods"
"457","5A","5","","ods:20260804_export_bdd_prelevement_samy.ods"
"458","5A","5","","ods:20260804_export_bdd_prelevement_samy.ods"
"459","2","2","","ods:20260804_export_bdd_prelevement_samy.ods"
"460","2","2","","ods:20260804_export_bdd_prelevement_samy.ods"
"461","4B","4","","ods:20260804_export_bdd_prelevement_samy.ods"
"463","5A","5","","ods:20260804_export_bdd_prelevement_samy.ods"
"464","5A","5","","ods:20260804_export_bdd_prelevement_samy.ods"
"465","5A","5","","ods:20260804_export_bdd_prelevement_samy.ods"
"466","5A","5","","ods:20260804_export_bdd_prelevement_samy.ods"
"467","5A","5","","ods:20260804_export_bdd_prelevement_samy.ods"
"468","5A","5","","ods:20260804_export_bdd_prelevement_samy.ods"
"469","5A","5","","ods:20260804_export_bdd_prelevement_samy.ods"
"470","5A","5","","ods:20260804_export_bdd_prelevement_samy.ods"
"471","5A","5","","ods:20260804_export_bdd_prelevement_samy.ods"
"472","5A","5","","ods:20260804_export_bdd_prelevement_samy.ods"
"473","5A","5","","ods:20260804_export_bdd_prelevement_samy.ods"
"474","5A","5","","ods:20260804_export_bdd_prelevement_samy.ods"
"475","5A","5","","ods:20260804_export_bdd_prelevement_samy.ods"
"476","5A","5","","ods:20260804_export_bdd_prelevement_samy.ods"
"477","5A","5","","ods:20260804_export_bdd_prelevement_samy.ods"
"478","5A","5","","ods:20260804_export_bdd_prelevement_samy.ods"
"479","5A","5","","ods:20260804_export_bdd_prelevement_samy.ods"
"480","5A","5","","ods:20260804_export_bdd_prelevement_samy.ods"
"481","5A","5","","ods:20260804_export_bdd_prelevement_samy.ods"
"482","5A","5","","ods:20260804_export_bdd_prelevement_samy.ods"
"483","5A","5","","ods:20260804_export_bdd_prelevement_samy.ods"
"484","5A","5","","ods:20260804_export_bdd_prelevement_samy.ods"
"485","5A","5","","ods:20260804_export_bdd_prelevement_samy.ods"
"486","5A","5","","ods:20260804_export_bdd_prelevement_samy.ods"
"487","5A","5","","ods:20260804_export_bdd_prelevement_samy.ods"
"488","5A","5","","ods:20260804_export_bdd_prelevement_samy.ods"
"489","5A","5","","ods:20260804_export_bdd_prelevement_samy.ods"
"490","5A","5","","ods:20260804_export_bdd_prelevement_samy.ods"
"491","5A","5","","ods:20260804_export_bdd_prelevement_samy.ods"
"492","5A","5","","ods:20260804_export_bdd_prelevement_samy.ods"
"493","5A","5","","ods:20260804_export_bdd_prelevement_samy.ods"
"494","5A","5","","ods:20260804_export_bdd_prelevement_samy.ods"
"495","5A","5","","ods:20260804_export_bdd_prelevement_samy.ods"
"496","4A","4","","ods:20260804_export_bdd_prelevement_samy.ods"
"499","5A","5","","ods:20260804_export_bdd_prelevement_samy.ods"
"500","4B","4","","ods:20260804_export_bdd_prelevement_samy.ods"
"501","4B","4","","ods:20260804_export_bdd_prelevement_samy.ods"
"502","4B","4","","ods:20260804_export_bdd_prelevement_samy.ods"
"503","4B","4","","ods:20260804_export_bdd_prelevement_samy.ods"
"504","4B","4","","ods:20260804_export_bdd_prelevement_samy.ods"
"505","4B","4","","ods:20260804_export_bdd_prelevement_samy.ods"
"506","4B","4","","ods:20260804_export_bdd_prelevement_samy.ods"
"507","4B","4","","ods:20260804_export_bdd_prelevement_samy.ods"
"508","4B","4","","ods:20260804_export_bdd_prelevement_samy.ods"
"509","4B","4","","ods:20260804_export_bdd_prelevement_samy.ods"
"510","4B","4","","ods:20260804_export_bdd_prelevement_samy.ods"
"511","4B","4","","ods:20260804_export_bdd_prelevement_samy.ods"
"512","4B","4","","ods:20260804_export_bdd_prelevement_samy.ods"
"513","4B","4","","ods:20260804_export_bdd_prelevement_samy.ods"
"514","4B","4","","ods:20260804_export_bdd_prelevement_samy.ods"
"515","4B","4","","ods:20260804_export_bdd_prelevement_samy.ods"
"516","4B","4","","ods:20260804_export_bdd_prelevement_samy.ods"
"517","4B","4","","ods:20260804_export_bdd_prelevement_samy.ods"
"518","4B","4","","ods:20260804_export_bdd_prelevement_samy.ods"
"519","4B","4","","ods:20260804_export_bdd_prelevement_samy.ods"
"520","4B","4","","ods:20260804_export_bdd_prelevement_samy.ods"
"522","4B","4","","ods:20260804_export_bdd_prelevement_samy.ods"
"523","4B","4","","ods:20260804_export_bdd_prelevement_samy.ods"
"524","4B","4","","ods:20260804_export_bdd_prelevement_samy.ods"
"525","4B","4","","ods:20260804_export_bdd_prelevement_samy.ods"
"526","4B","4","","ods:20260804_export_bdd_prelevement_samy.ods"
"527","4B","4","","ods:20260804_export_bdd_prelevement_samy.ods"
"528","4B","4","","ods:20260804_export_bdd_prelevement_samy.ods"
"529","4B","4","","ods:20260804_export_bdd_prelevement_samy.ods"
"530","4B","4","","ods:20260804_export_bdd_prelevement_samy.ods"
"531","4B","4","","ods:20260804_export_bdd_prelevement_samy.ods"
"532","4B","4","","ods:20260804_export_bdd_prelevement_samy.ods"
"533","4B","4","","ods:20260804_export_bdd_prelevement_samy.ods"
"534","4B","4","","ods:20260804_export_bdd_prelevement_samy.ods"
"535","4B","4","","ods:20260804_export_bdd_prelevement_samy.ods"
"536","4B","4","","ods:20260804_export_bdd_prelevement_samy.ods"
"537","4B","4","","ods:20260804_export_bdd_prelevement_samy.ods"
"538","4B","4","","ods:20260804_export_bdd_prelevement_samy.ods"
"539","4B","4","","ods:20260804_export_bdd_prelevement_samy.ods"
"540","4B","4","","ods:20260804_export_bdd_prelevement_samy.ods"
"541","4B","4","","ods:20260804_export_bdd_prelevement_samy.ods"
"542","4B","4","","ods:20260804_export_bdd_prelevement_samy.ods"
"543","4B","4","","ods:20260804_export_bdd_prelevement_samy.ods"
"544","4B","4","","ods:20260804_export_bdd_prelevement_samy.ods"
"545","4B","4","","ods:20260804_export_bdd_prelevement_samy.ods"
"546","4B","4","","ods:20260804_export_bdd_prelevement_samy.ods"
"547","4B","4","","ods:20260804_export_bdd_prelevement_samy.ods"
"548","4B","4","","ods:20260804_export_bdd_prelevement_samy.ods"
"549","4B","4","","ods:20260804_export_bdd_prelevement_samy.ods"
"550","4B","4","","ods:20260804_export_bdd_prelevement_samy.ods"
"551","4B","4","","ods:20260804_export_bdd_prelevement_samy.ods"
"552","4B","4","","ods:20260804_export_bdd_prelevement_samy.ods"
"553","4B","4","","ods:20260804_export_bdd_prelevement_samy.ods"
"554","4B","4","","ods:20260804_export_bdd_prelevement_samy.ods"
"556","4B","4","","ods:20260804_export_bdd_prelevement_samy.ods"
"557","4B","4","","ods:20260804_export_bdd_prelevement_samy.ods"
"558","4B","4","","ods:20260804_export_bdd_prelevement_samy.ods"
"560","4B","4","","ods:20260804_export_bdd_prelevement_samy.ods"
"561","4B","4","","ods:20260804_export_bdd_prelevement_samy.ods"
"562","4B","4","","ods:20260804_export_bdd_prelevement_samy.ods"
"564","4B","4","","ods:20260804_export_bdd_prelevement_samy.ods"
"565","4B","4","","ods:20260804_export_bdd_prelevement_samy.ods"
"566","4B","4","","ods:20260804_export_bdd_prelevement_samy.ods"
"567","4B","4","","ods:20260804_export_bdd_prelevement_samy.ods"
"568","4B","4","","ods:20260804_export_bdd_prelevement_samy.ods"
"569","4B","4","","ods:20260804_export_bdd_prelevement_samy.ods"
"570","4B","4","","ods:20260804_export_bdd_prelevement_samy.ods"
"571","4B","4","","ods:20260804_export_bdd_prelevement_samy.ods"
"572","4B","4","","ods:20260804_export_bdd_prelevement_samy.ods"
"573","4B","4","","ods:20260804_export_bdd_prelevement_samy.ods"
"574","4B","4","","ods:20260804_export_bdd_prelevement_samy.ods"
"575","4B","4","","ods:20260804_export_bdd_prelevement_samy.ods"
"576","4B","4","","ods:20260804_export_bdd_prelevement_samy.ods"
"577","4B","4","","ods:20260804_export_bdd_prelevement_samy.ods"
"578","4B","4","","ods:20260804_export_bdd_prelevement_samy.ods"
"579","4B","4","","ods:20260804_export_bdd_prelevement_samy.ods"
"580","4B","4","","ods:20260804_export_bdd_prelevement_samy.ods"
"581","4B","4","","ods:20260804_export_bdd_prelevement_samy.ods"
"582","4B","4","","ods:20260804_export_bdd_prelevement_samy.ods"
"583","4B","4","","ods:20260804_export_bdd_prelevement_samy.ods"
"584","4B","4","","ods:20260804_export_bdd_prelevement_samy.ods"
"585","4B","4","","ods:20260804_export_bdd_prelevement_samy.ods"
"586","4B","4","","ods:20260804_export_bdd_prelevement_samy.ods"
"587","4B","4","","ods:20260804_export_bdd_prelevement_samy.ods"
"588","4B","4","","ods:20260804_export_bdd_prelevement_samy.ods"
"589","4B","4","","ods:20260804_export_bdd_prelevement_samy.ods"
"590","4B","4","","ods:20260804_export_bdd_prelevement_samy.ods"
"591","4B","4","","ods:20260804_export_bdd_prelevement_samy.ods"
"592","4B","4","","ods:20260804_export_bdd_prelevement_samy.ods"
"593","4B","4","","ods:20260804_export_bdd_prelevement_samy.ods"
"594","4B","4","","ods:20260804_export_bdd_prelevement_samy.ods"
"595","4B","4","","ods:20260804_export_bdd_prelevement_samy.ods"
"596","4B","4","","ods:20260804_export_bdd_prelevement_samy.ods"
"598","4B","4","","ods:20260804_export_bdd_prelevement_samy.ods"
"599","4B","4","","ods:20260804_export_bdd_prelevement_samy.ods"
"600","4B","4","","ods:20260804_export_bdd_prelevement_samy.ods"
"601","4B","4","","ods:20260804_export_bdd_prelevement_samy.ods"
"602","4B","4","","ods:20260804_export_bdd_prelevement_samy.ods"
"603","4B","4","","ods:20260804_export_bdd_prelevement_samy.ods"
"604","4B","4","","ods:20260804_export_bdd_prelevement_samy.ods"
"605","4B","4","","ods:20260804_export_bdd_prelevement_samy.ods"
"606","4B","4","","ods:20260804_export_bdd_prelevement_samy.ods"
"607","4B","4","","ods:20260804_export_bdd_prelevement_samy.ods"
"608","4B","4","","ods:20260804_export_bdd_prelevement_samy.ods"
"609","4B","4","","ods:20260804_export_bdd_prelevement_samy.ods"
"610","4B","4","","ods:20260804_export_bdd_prelevement_samy.ods"
"611","4B","4","","ods:20260804_export_bdd_prelevement_samy.ods"
"612","4B","4","","ods:20260804_export_bdd_prelevement_samy.ods"
"613","4B","4","","ods:20260804_export_bdd_prelevement_samy.ods"
"614","4B","4","","ods:20260804_export_bdd_prelevement_samy.ods"
"615","4B","4","","ods:20260804_export_bdd_prelevement_samy.ods"
"616","4B","4","","ods:20260804_export_bdd_prelevement_samy.ods"
"617","4B","4","","ods:20260804_export_bdd_prelevement_samy.ods"
"618","4B","4","","ods:20260804_export_bdd_prelevement_samy.ods"
"619","4B","4","","ods:20260804_export_bdd_prelevement_samy.ods"
"620","4B","4","","ods:20260804_export_bdd_prelevement_samy.ods"
"621","4B","4","","ods:20260804_export_bdd_prelevement_samy.ods"
"622","4B","4","","ods:20260804_export_bdd_prelevement_samy.ods"
"623","4B","4","","ods:20260804_export_bdd_prelevement_samy.ods"
"624","4B","4","","ods:20260804_export_bdd_prelevement_samy.ods"
"625","4B","4","","ods:20260804_export_bdd_prelevement_samy.ods"
"626","4B","4","","ods:20260804_export_bdd_prelevement_samy.ods"
"627","4B","4","","ods:20260804_export_bdd_prelevement_samy.ods"
"628","4B","4","","ods:20260804_export_bdd_prelevement_samy.ods"
"629","4B","4","","ods:20260804_export_bdd_prelevement_samy.ods"
"630","4B","4","","ods:20260804_export_bdd_prelevement_samy.ods"
"631","4B","4","","ods:20260804_export_bdd_prelevement_samy.ods"
"632","4B","4","","ods:20260804_export_bdd_prelevement_samy.ods"
"633","4B","4","","ods:20260804_export_bdd_prelevement_samy.ods"
"634","4B","4","","ods:20260804_export_bdd_prelevement_samy.ods"
"635","4B","4","","ods:20260804_export_bdd_prelevement_samy.ods"
"636","4B","4","","ods:20260804_export_bdd_prelevement_samy.ods"
"637","4B","4","","ods:20260804_export_bdd_prelevement_samy.ods"
"638","4B","4","","ods:20260804_export_bdd_prelevement_samy.ods"
"639","4B","4","","ods:20260804_export_bdd_prelevement_samy.ods"
"640","4B","4","","ods:20260804_export_bdd_prelevement_samy.ods"
"641","4B","4","","ods:20260804_export_bdd_prelevement_samy.ods"
"642","4B","4","","ods:20260804_export_bdd_prelevement_samy.ods"
"643","4B","4","","ods:20260804_export_bdd_prelevement_samy.ods"
"644","4B","4","","ods:20260804_export_bdd_prelevement_samy.ods"
"645","4B","4","","ods:20260804_export_bdd_prelevement_samy.ods"
"646","4B","4","","ods:20260804_export_bdd_prelevement_samy.ods"
"647","4B","4","","ods:20260804_export_bdd_prelevement_samy.ods"
"648","4B","4","","ods:20260804_export_bdd_prelevement_samy.ods"
"649","4B","4","","ods:20260804_export_bdd_prelevement_samy.ods"
"650","4B","4","","ods:20260804_export_bdd_prelevement_samy.ods"
"651","4B","4","","ods:20260804_export_bdd_prelevement_samy.ods"
"652","4B","4","","ods:20260804_export_bdd_prelevement_samy.ods"
"653","4B","4","","ods:20260804_export_bdd_prelevement_samy.ods"
"654","4B","4","","ods:20260804_export_bdd_prelevement_samy.ods"
"655","4B","4","","ods:20260804_export_bdd_prelevement_samy.ods"
"656","4B","4","","ods:20260804_export_bdd_prelevement_samy.ods"
"657","4B","4","","ods:20260804_export_bdd_prelevement_samy.ods"
"658","4B","4","","ods:20260804_export_bdd_prelevement_samy.ods"
"661","4B","4","","ods:20260804_export_bdd_prelevement_samy.ods"
"662","4B","4","","ods:20260804_export_bdd_prelevement_samy.ods"
"663","4B","4","","ods:20260804_export_bdd_prelevement_samy.ods"
"664","4B","4","","ods:20260804_export_bdd_prelevement_samy.ods"
"665","4B","4","","ods:20260804_export_bdd_prelevement_samy.ods"
"666","4B","4","","ods:20260804_export_bdd_prelevement_samy.ods"
"667","4B","4","","ods:20260804_export_bdd_prelevement_samy.ods"
"669","4B","4","","ods:20260804_export_bdd_prelevement_samy.ods"
"670","4B","4","","ods:20260804_export_bdd_prelevement_samy.ods"
"671","4B","4","","ods:20260804_export_bdd_prelevement_samy.ods"
"672","4B","4","","ods:20260804_export_bdd_prelevement_samy.ods"
"673","4B","4","","ods:20260804_export_bdd_prelevement_samy.ods"
"674","4B","4","","ods:20260804_export_bdd_prelevement_samy.ods"
"676","4B","4","","ods:20260804_export_bdd_prelevement_samy.ods"
"677","4B","4","","ods:20260804_export_bdd_prelevement_samy.ods"
"678","4B","4","","ods:20260804_export_bdd_prelevement_samy.ods"
"679","4B","4","","ods:20260804_export_bdd_prelevement_samy.ods"
"680","4B","4","","ods:20260804_export_bdd_prelevement_samy.ods"
"681","4B","4","","ods:20260804_export_bdd_prelevement_samy.ods"
"682","4B","4","","ods:20260804_export_bdd_prelevement_samy.ods"
"683","4B","4","","ods:20260804_export_bdd_prelevement_samy.ods"
"684","4B","4","","ods:20260804_export_bdd_prelevement_samy.ods"
"685","4B","4","","ods:20260804_export_bdd_prelevement_samy.ods"
"686","4B","4","","ods:20260804_export_bdd_prelevement_samy.ods"
"687","4B","4","","ods:20260804_export_bdd_prelevement_samy.ods"
"688","4B","4","","ods:20260804_export_bdd_prelevement_samy.ods"
"689","4B","4","","ods:20260804_export_bdd_prelevement_samy.ods"
"690","4B","4","","ods:20260804_export_bdd_prelevement_samy.ods"
"691","4B","4","","ods:20260804_export_bdd_prelevement_samy.ods"
"692","4B","4","","ods:20260804_export_bdd_prelevement_samy.ods"
"693","4B","4","","ods:20260804_export_bdd_prelevement_samy.ods"
"694","4B","4","","ods:20260804_export_bdd_prelevement_samy.ods"
"695","4B","4","","ods:20260804_export_bdd_prelevement_samy.ods"
"696","4B","4","","ods:20260804_export_bdd_prelevement_samy.ods"
"697","4B","4","","ods:20260804_export_bdd_prelevement_samy.ods"
"698","4B","4","","ods:20260804_export_bdd_prelevement_samy.ods"
"699","4B","4","","ods:20260804_export_bdd_prelevement_samy.ods"
"700","4B","4","","ods:20260804_export_bdd_prelevement_samy.ods"
"701","4B","4","","ods:20260804_export_bdd_prelevement_samy.ods"
"702","4B","4","","ods:20260804_export_bdd_prelevement_samy.ods"
"704","4B","4","","ods:20260804_export_bdd_prelevement_samy.ods"
"705","4B","4","","ods:20260804_export_bdd_prelevement_samy.ods"
"706","4B","4","","ods:20260804_export_bdd_prelevement_samy.ods"
"707","4B","4","","ods:20260804_export_bdd_prelevement_samy.ods"
"708","4B","4","","ods:20260804_export_bdd_prelevement_samy.ods"
"709","4B","4","","ods:20260804_export_bdd_prelevement_samy.ods"
"710","4B","4","","ods:20260804_export_bdd_prelevement_samy.ods"
"711","4B","4","","ods:20260804_export_bdd_prelevement_samy.ods"
"712","4B","4","","ods:20260804_export_bdd_prelevement_samy.ods"
"713","4B","4","","ods:20260804_export_bdd_prelevement_samy.ods"
"714","4B","4","","ods:20260804_export_bdd_prelevement_samy.ods"
"715","4B","4","","ods:20260804_export_bdd_prelevement_samy.ods"
"717","4B","4","","ods:20260804_export_bdd_prelevement_samy.ods"
"718","4B","4","","ods:20260804_export_bdd_prelevement_samy.ods"
"719","4B","4","","ods:20260804_export_bdd_prelevement_samy.ods"
"720","4B","4","","ods:20260804_export_bdd_prelevement_samy.ods"
"721","4B","4","","ods:20260804_export_bdd_prelevement_samy.ods"
"722","4B","4","","ods:20260804_export_bdd_prelevement_samy.ods"
"724","4B","4","","ods:20260804_export_bdd_prelevement_samy.ods"
"725","4B","4","","ods:20260804_export_bdd_prelevement_samy.ods"
"726","4B","4","","ods:20260804_export_bdd_prelevement_samy.ods"
"727","4B","4","","ods:20260804_export_bdd_prelevement_samy.ods"
"728","4B","4","","ods:20260804_export_bdd_prelevement_samy.ods"
"729","4B","4","","ods:20260804_export_bdd_prelevement_samy.ods"
"730","4B","4","","ods:20260804_export_bdd_prelevement_samy.ods"
"731","4B","4","","ods:20260804_export_bdd_prelevement_samy.ods"
"732","4B","4","","ods:20260804_export_bdd_prelevement_samy.ods"
"733","4B","4","","ods:20260804_export_bdd_prelevement_samy.ods"
"734","4B","4","","ods:20260804_export_bdd_prelevement_samy.ods"
"735","4B","4","","ods:20260804_export_bdd_prelevement_samy.ods"
"736","4B","4","","ods:20260804_export_bdd_prelevement_samy.ods"
"737","4B","4","","ods:20260804_export_bdd_prelevement_samy.ods"
"738","4B","4","","ods:20260804_export_bdd_prelevement_samy.ods"
"739","4B","4","","ods:20260804_export_bdd_prelevement_samy.ods"
"740","4B","4","","ods:20260804_export_bdd_prelevement_samy.ods"
"741","4B","4","","ods:20260804_export_bdd_prelevement_samy.ods"
"742","4B","4","","ods:20260804_export_bdd_prelevement_samy.ods"
"743","4B","4","","ods:20260804_export_bdd_prelevement_samy.ods"
"744","4B","4","","ods:20260804_export_bdd_prelevement_samy.ods"
"745","4B","4","","ods:20260804_export_bdd_prelevement_samy.ods"
"746","4B","4","","ods:20260804_export_bdd_prelevement_samy.ods"
"747","4B","4","","ods:20260804_export_bdd_prelevement_samy.ods"
"748","4B","4","","ods:20260804_export_bdd_prelevement_samy.ods"
"749","4B","4","","ods:20260804_export_bdd_prelevement_samy.ods"
"750","4B","4","","ods:20260804_export_bdd_prelevement_samy.ods"
"751","4B","4","","ods:20260804_export_bdd_prelevement_samy.ods"
"752","4B","4","","ods:20260804_export_bdd_prelevement_samy.ods"
"754","4B","4","","ods:20260804_export_bdd_prelevement_samy.ods"
"755","4B","4","","ods:20260804_export_bdd_prelevement_samy.ods"
"756","4B","4","","ods:20260804_export_bdd_prelevement_samy.ods"
"757","4B","4","","ods:20260804_export_bdd_prelevement_samy.ods"
"758","4B","4","","ods:20260804_export_bdd_prelevement_samy.ods"
"759","4B","4","","ods:20260804_export_bdd_prelevement_samy.ods"
"760","4B","4","","ods:20260804_export_bdd_prelevement_samy.ods"
"761","4B","4","","ods:20260804_export_bdd_prelevement_samy.ods"
"762","4B","4","","ods:20260804_export_bdd_prelevement_samy.ods"
"763","4B","4","","ods:20260804_export_bdd_prelevement_samy.ods"
"764","4B","4","","ods:20260804_export_bdd_prelevement_samy.ods"
"765","4B","4","","ods:20260804_export_bdd_prelevement_samy.ods"
"766","4B","4","","ods:20260804_export_bdd_prelevement_samy.ods"
"767","4B","4","","ods:20260804_export_bdd_prelevement_samy.ods"
"768","4B","4","","ods:20260804_export_bdd_prelevement_samy.ods"
"769","4B","4","","ods:20260804_export_bdd_prelevement_samy.ods"
"770","4B","4","","ods:20260804_export_bdd_prelevement_samy.ods"
"771","4B","4","","ods:20260804_export_bdd_prelevement_samy.ods"
"772","4B","4","","ods:20260804_export_bdd_prelevement_samy.ods"
"773","4B","4","","ods:20260804_export_bdd_prelevement_samy.ods"
"774","4B","4","","ods:20260804_export_bdd_prelevement_samy.ods"
"775","4B","4","","ods:20260804_export_bdd_prelevement_samy.ods"
"776","4B","4","","ods:20260804_export_bdd_prelevement_samy.ods"
"777","4B","4","","ods:20260804_export_bdd_prelevement_samy.ods"
"778","4B","4","","ods:20260804_export_bdd_prelevement_samy.ods"
"779","4B","4","","ods:20260804_export_bdd_prelevement_samy.ods"
"781","4B","4","","ods:20260804_export_bdd_prelevement_samy.ods"
"782","4B","4","","ods:20260804_export_bdd_prelevement_samy.ods"
"783","4B","4","","ods:20260804_export_bdd_prelevement_samy.ods"
"784","4B","4","","ods:20260804_export_bdd_prelevement_samy.ods"
"785","4B","4","","ods:20260804_export_bdd_prelevement_samy.ods"
"786","4B","4","","ods:20260804_export_bdd_prelevement_samy.ods"
"787","4B","4","","ods:20260804_export_bdd_prelevement_samy.ods"
"788","4B","4","","ods:20260804_export_bdd_prelevement_samy.ods"
"789","4B","4","","ods:20260804_export_bdd_prelevement_samy.ods"
"790","4B","4","","ods:20260804_export_bdd_prelevement_samy.ods"
"791","4B","4","","ods:20260804_export_bdd_prelevement_samy.ods"
"792","4B","4","","ods:20260804_export_bdd_prelevement_samy.ods"
"793","4B","4","","ods:20260804_export_bdd_prelevement_samy.ods"
"794","4B","4","","ods:20260804_export_bdd_prelevement_samy.ods"
"795","4B","4","","ods:20260804_export_bdd_prelevement_samy.ods"
"796","4B","4","","ods:20260804_export_bdd_prelevement_samy.ods"
"797","4B","4","","ods:20260804_export_bdd_prelevement_samy.ods"
"798","4B","4","","ods:20260804_export_bdd_prelevement_samy.ods"
"799","4B","4","","ods:20260804_export_bdd_prelevement_samy.ods"
"800","4B","4","","ods:20260804_export_bdd_prelevement_samy.ods"
"801","4B","4","","ods:20260804_export_bdd_prelevement_samy.ods"
"802","4B","4","","ods:20260804_export_bdd_prelevement_samy.ods"
"803","4B","4","","ods:20260804_export_bdd_prelevement_samy.ods"
"804","4B","4","","ods:20260804_export_bdd_prelevement_samy.ods"
"805","4B","4","","ods:20260804_export_bdd_prelevement_samy.ods"
"806","4B","4","","ods:20260804_export_bdd_prelevement_samy.ods"
"807","4B","4","","ods:20260804_export_bdd_prelevement_samy.ods"
"808","4B","4","","ods:20260804_export_bdd_prelevement_samy.ods"
"809","4B","4","","ods:20260804_export_bdd_prelevement_samy.ods"
"810","4B","4","","ods:20260804_export_bdd_prelevement_samy.ods"
"811","4B","4","","ods:20260804_export_bdd_prelevement_samy.ods"
"812","4B","4","","ods:20260804_export_bdd_prelevement_samy.ods"
"813","4B","4","","ods:20260804_export_bdd_prelevement_samy.ods"
"814","4B","4","","ods:20260804_export_bdd_prelevement_samy.ods"
"815","4B","4","","ods:20260804_export_bdd_prelevement_samy.ods"
"816","4B","4","","ods:20260804_export_bdd_prelevement_samy.ods"
"817","4B","4","","ods:20260804_export_bdd_prelevement_samy.ods"
"818","4B","4","","ods:20260804_export_bdd_prelevement_samy.ods"
"819","4B","4","","ods:20260804_export_bdd_prelevement_samy.ods"
"820","4B","4","","ods:20260804_export_bdd_prelevement_samy.ods"
"821","4B","4","","ods:20260804_export_bdd_prelevement_samy.ods"
"822","4B","4","","ods:20260804_export_bdd_prelevement_samy.ods"
"823","4B","4","","ods:20260804_export_bdd_prelevement_samy.ods"
"824","4B","4","","ods:20260804_export_bdd_prelevement_samy.ods"
"825","4B","4","","ods:20260804_export_bdd_prelevement_samy.ods"
"826","4B","4","","ods:20260804_export_bdd_prelevement_samy.ods"
"827","4B","4","","ods:20260804_export_bdd_prelevement_samy.ods"
"828","4B","4","","ods:20260804_export_bdd_prelevement_samy.ods"
"829","4B","4","","ods:20260804_export_bdd_prelevement_samy.ods"
"830","4B","4","","ods:20260804_export_bdd_prelevement_samy.ods"
"831","4B","4","","ods:20260804_export_bdd_prelevement_samy.ods"
"832","4B","4","","ods:20260804_export_bdd_prelevement_samy.ods"
"833","4B","4","","ods:20260804_export_bdd_prelevement_samy.ods"
"834","4B","4","","ods:20260804_export_bdd_prelevement_samy.ods"
"836","4B","4","","ods:20260804_export_bdd_prelevement_samy.ods"
"837","4B","4","","ods:20260804_export_bdd_prelevement_samy.ods"
"838","4B","4","","ods:20260804_export_bdd_prelevement_samy.ods"
"839","4B","4","","ods:20260804_export_bdd_prelevement_samy.ods"
"840","4B","4","","ods:20260804_export_bdd_prelevement_samy.ods"
"841","4B","4","","ods:20260804_export_bdd_prelevement_samy.ods"
"843","4B","4","","ods:20260804_export_bdd_prelevement_samy.ods"
"844","4B","4","","ods:20260804_export_bdd_prelevement_samy.ods"
"845","4B","4","","ods:20260804_export_bdd_prelevement_samy.ods"
"846","4B","4","","ods:20260804_export_bdd_prelevement_samy.ods"
"847","4B","4","","ods:20260804_export_bdd_prelevement_samy.ods"
"848","4B","4","","ods:20260804_export_bdd_prelevement_samy.ods"
"849","4B","4","","ods:20260804_export_bdd_prelevement_samy.ods"
"850","4B","4","","ods:20260804_export_bdd_prelevement_samy.ods"
"851","4B","4","","ods:20260804_export_bdd_prelevement_samy.ods"
"852","4B","4","","ods:20260804_export_bdd_prelevement_samy.ods"
"853","4B","4","","ods:20260804_export_bdd_prelevement_samy.ods"
"854","4B","4","","ods:20260804_export_bdd_prelevement_samy.ods"
"855","4B","4","","ods:20260804_export_bdd_prelevement_samy.ods"
"856","4B","4","","ods:20260804_export_bdd_prelevement_samy.ods"
"857","4B","4","","ods:20260804_export_bdd_prelevement_samy.ods"
"858","4B","4","","ods:20260804_export_bdd_prelevement_samy.ods"
"859","4B","4","","ods:20260804_export_bdd_prelevement_samy.ods"
"861","4B","4","","ods:20260804_export_bdd_prelevement_samy.ods"
"862","4B","4","","ods:20260804_export_bdd_prelevement_samy.ods"
"863","4B","4","","ods:20260804_export_bdd_prelevement_samy.ods"
"864","4B","4","","ods:20260804_export_bdd_prelevement_samy.ods"
"865","4B","4","","ods:20260804_export_bdd_prelevement_samy.ods"
"866","4B","4","","ods:20260804_export_bdd_prelevement_samy.ods"
"867","4B","4","","ods:20260804_export_bdd_prelevement_samy.ods"
"868","4B","4","","ods:20260804_export_bdd_prelevement_samy.ods"
"869","4B","4","","ods:20260804_export_bdd_prelevement_samy.ods"
"870","4B","4","","ods:20260804_export_bdd_prelevement_samy.ods"
"871","4B","4","","ods:20260804_export_bdd_prelevement_samy.ods"
"872","4B","4","","ods:20260804_export_bdd_prelevement_samy.ods"
"873","4B","4","","ods:20260804_export_bdd_prelevement_samy.ods"
"874","4B","4","","ods:20260804_export_bdd_prelevement_samy.ods"
"875","4B","4","","ods:20260804_export_bdd_prelevement_samy.ods"
"876","4B","4","","ods:20260804_export_bdd_prelevement_samy.ods"
"877","4B","4","","ods:20260804_export_bdd_prelevement_samy.ods"
"878","4B","4","","ods:20260804_export_bdd_prelevement_samy.ods"
"879","4B","4","","ods:20260804_export_bdd_prelevement_samy.ods"
"880","4B","4","","ods:20260804_export_bdd_prelevement_samy.ods"
"881","4B","4","","ods:20260804_export_bdd_prelevement_samy.ods"
"882","4B","4","","ods:20260804_export_bdd_prelevement_samy.ods"
"883","4B","4","","ods:20260804_export_bdd_prelevement_samy.ods"
"884","4B","4","","ods:20260804_export_bdd_prelevement_samy.ods"
"885","4B","4","","ods:20260804_export_bdd_prelevement_samy.ods"
"886","4B","4","","ods:20260804_export_bdd_prelevement_samy.ods"
"887","4B","4","","ods:20260804_export_bdd_prelevement_samy.ods"
"889","4B","4","","ods:20260804_export_bdd_prelevement_samy.ods"
"890","4B","4","","ods:20260804_export_bdd_prelevement_samy.ods"
"891","4B","4","","ods:20260804_export_bdd_prelevement_samy.ods"
"892","4B","4","","ods:20260804_export_bdd_prelevement_samy.ods"
"893","4B","4","","ods:20260804_export_bdd_prelevement_samy.ods"
"894","4B","4","","ods:20260804_export_bdd_prelevement_samy.ods"
"895","4B","4","","ods:20260804_export_bdd_prelevement_samy.ods"
"897","4B","4","","ods:20260804_export_bdd_prelevement_samy.ods"
"899","4B","4","","ods:20260804_export_bdd_prelevement_samy.ods"
"900","4B","4","","ods:20260804_export_bdd_prelevement_samy.ods"
"901","4B","4","","ods:20260804_export_bdd_prelevement_samy.ods"
"902","4B","4","","ods:20260804_export_bdd_prelevement_samy.ods"
"903","4B","4","","ods:20260804_export_bdd_prelevement_samy.ods"
"904","4B","4","","ods:20260804_export_bdd_prelevement_samy.ods"
"905","4B","4","","ods:20260804_export_bdd_prelevement_samy.ods"
"906","4B","4","","ods:20260804_export_bdd_prelevement_samy.ods"
"907","4B","4","","ods:20260804_export_bdd_prelevement_samy.ods"
"908","4B","4","","ods:20260804_export_bdd_prelevement_samy.ods"
"909","4B","4","","ods:20260804_export_bdd_prelevement_samy.ods"
"910","4B","4","","ods:20260804_export_bdd_prelevement_samy.ods"
"911","4B","4","","ods:20260804_export_bdd_prelevement_samy.ods"
"912","4B","4","","ods:20260804_export_bdd_prelevement_samy.ods"
"913","4B","4","","ods:20260804_export_bdd_prelevement_samy.ods"
"914","4B","4","","ods:20260804_export_bdd_prelevement_samy.ods"
"915","4B","4","","ods:20260804_export_bdd_prelevement_samy.ods"
"916","4B","4","","ods:20260804_export_bdd_prelevement_samy.ods"
"917","4B","4","","ods:20260804_export_bdd_prelevement_samy.ods"
"918","4B","4","","ods:20260804_export_bdd_prelevement_samy.ods"
"919","4B","4","","ods:20260804_export_bdd_prelevement_samy.ods"
"920","4B","4","","ods:20260804_export_bdd_prelevement_samy.ods"
"921","4B","4","","ods:20260804_export_bdd_prelevement_samy.ods"
"922","4B","4","","ods:20260804_export_bdd_prelevement_samy.ods"
"923","4B","4","","ods:20260804_export_bdd_prelevement_samy.ods"
"925","4B","4","","ods:20260804_export_bdd_prelevement_samy.ods"
"926","4B","4","","ods:20260804_export_bdd_prelevement_samy.ods"
"927","4B","4","","ods:20260804_export_bdd_prelevement_samy.ods"
"928","4B","4","","ods:20260804_export_bdd_prelevement_samy.ods"
"929","4B","4","","ods:20260804_export_bdd_prelevement_samy.ods"
"930","4B","4","","ods:20260804_export_bdd_prelevement_samy.ods"
"931","4B","4","","ods:20260804_export_bdd_prelevement_samy.ods"
"932","4B","4","","ods:20260804_export_bdd_prelevement_samy.ods"
"933","4B","4","","ods:20260804_export_bdd_prelevement_samy.ods"
"934","4B","4","","ods:20260804_export_bdd_prelevement_samy.ods"
"935","4B","4","","ods:20260804_export_bdd_prelevement_samy.ods"
"936","4B","4","","ods:20260804_export_bdd_prelevement_samy.ods"
"937","4B","4","","ods:20260804_export_bdd_prelevement_samy.ods"
"938","4B","4","","ods:20260804_export_bdd_prelevement_samy.ods"
"939","4B","4","","ods:20260804_export_bdd_prelevement_samy.ods"
"940","4B","4","","ods:20260804_export_bdd_prelevement_samy.ods"
"941","4B","4","","ods:20260804_export_bdd_prelevement_samy.ods"
"942","4B","4","","ods:20260804_export_bdd_prelevement_samy.ods"
"943","4B","4","","ods:20260804_export_bdd_prelevement_samy.ods"
"944","4B","4","","ods:20260804_export_bdd_prelevement_samy.ods"
"945","4B","4","","ods:20260804_export_bdd_prelevement_samy.ods"
"946","4B","4","","ods:20260804_export_bdd_prelevement_samy.ods"
"947","4B","4","","ods:20260804_export_bdd_prelevement_samy.ods"
"949","4B","4","","ods:20260804_export_bdd_prelevement_samy.ods"
"950","4B","4","","ods:20260804_export_bdd_prelevement_samy.ods"
"951","4B","4","","ods:20260804_export_bdd_prelevement_samy.ods"
"952","4B","4","","ods:20260804_export_bdd_prelevement_samy.ods"
"953","4B","4","","ods:20260804_export_bdd_prelevement_samy.ods"
"954","4B","4","","ods:20260804_export_bdd_prelevement_samy.ods"
"955","4B","4","","ods:20260804_export_bdd_prelevement_samy.ods"
"956","4B","4","","ods:20260804_export_bdd_prelevement_samy.ods"
"957","4B","4","","ods:20260804_export_bdd_prelevement_samy.ods"
"959","4B","4","","ods:20260804_export_bdd_prelevement_samy.ods"
"960","4B","4","","ods:20260804_export_bdd_prelevement_samy.ods"
"961","4B","4","","ods:20260804_export_bdd_prelevement_samy.ods"
"962","4B","4","","ods:20260804_export_bdd_prelevement_samy.ods"
"963","4B","4","","ods:20260804_export_bdd_prelevement_samy.ods"
"964","4B","4","","ods:20260804_export_bdd_prelevement_samy.ods"
"965","4B","4","","ods:20260804_export_bdd_prelevement_samy.ods"
"966","4B","4","","ods:20260804_export_bdd_prelevement_samy.ods"
"967","4B","4","","ods:20260804_export_bdd_prelevement_samy.ods"
"968","4B","4","","ods:20260804_export_bdd_prelevement_samy.ods"
"969","4B","4","","ods:20260804_export_bdd_prelevement_samy.ods"
"970","4B","4","","ods:20260804_export_bdd_prelevement_samy.ods"
"971","4B","4","","ods:20260804_export_bdd_prelevement_samy.ods"
"973","4B","4","","ods:20260804_export_bdd_prelevement_samy.ods"
"974","4B","4","","ods:20260804_export_bdd_prelevement_samy.ods"
"976","4B","4","","ods:20260804_export_bdd_prelevement_samy.ods"
"977","4B","4","","ods:20260804_export_bdd_prelevement_samy.ods"
"978","4B","4","","ods:20260804_export_bdd_prelevement_samy.ods"
"979","4B","4","","ods:20260804_export_bdd_prelevement_samy.ods"
"980","4B","4","","ods:20260804_export_bdd_prelevement_samy.ods"
"981","4B","4","","ods:20260804_export_bdd_prelevement_samy.ods"
"982","4B","4","","ods:20260804_export_bdd_prelevement_samy.ods"
"983","4B","4","","ods:20260804_export_bdd_prelevement_samy.ods"
"984","4B","4","","ods:20260804_export_bdd_prelevement_samy.ods"
"985","4B","4","","ods:20260804_export_bdd_prelevement_samy.ods"
"986","4B","4","","ods:20260804_export_bdd_prelevement_samy.ods"
"987","4B","4","","ods:20260804_export_bdd_prelevement_samy.ods"
"988","4B","4","","ods:20260804_export_bdd_prelevement_samy.ods"
"989","4B","4","","ods:20260804_export_bdd_prelevement_samy.ods"
"990","4B","4","","ods:20260804_export_bdd_prelevement_samy.ods"
"991","4B","4","","ods:20260804_export_bdd_prelevement_samy.ods"
"992","4B","4","","ods:20260804_export_bdd_prelevement_samy.ods"
"993","4B","4","","ods:20260804_export_bdd_prelevement_samy.ods"
"994","4B","4","","ods:20260804_export_bdd_prelevement_samy.ods"
"996","4B","4","","ods:20260804_export_bdd_prelevement_samy.ods"
"997","4B","4","","ods:20260804_export_bdd_prelevement_samy.ods"
"999","4B","4","","ods:20260804_export_bdd_prelevement_samy.ods"
"1000","4B","4","","ods:20260804_export_bdd_prelevement_samy.ods"
"1001","4B","4","","ods:20260804_export_bdd_prelevement_samy.ods"
"1002","4B","4","","ods:20260804_export_bdd_prelevement_samy.ods"
"1003","4B","4","","ods:20260804_export_bdd_prelevement_samy.ods"
"1004","4B","4","","ods:20260804_export_bdd_prelevement_samy.ods"
"1005","4B","4","","ods:20260804_export_bdd_prelevement_samy.ods"
"1006","4B","4","","ods:20260804_export_bdd_prelevement_samy.ods"
"1007","4B","4","","ods:20260804_export_bdd_prelevement_samy.ods"
"1008","4B","4","","ods:20260804_export_bdd_prelevement_samy.ods"
"1009","4B","4","","ods:20260804_export_bdd_prelevement_samy.ods"
"1010","4B","4","","ods:20260804_export_bdd_prelevement_samy.ods"
"1011","4B","4","","ods:20260804_export_bdd_prelevement_samy.ods"
"1012","4B","4","","ods:20260804_export_bdd_prelevement_samy.ods"
"1013","4B","4","","ods:20260804_export_bdd_prelevement_samy.ods"
"1014","4B","4","","ods:20260804_export_bdd_prelevement_samy.ods"
"1015","4B","4","","ods:20260804_export_bdd_prelevement_samy.ods"
"1016","4B","4","","ods:20260804_export_bdd_prelevement_samy.ods"
"1017","4B","4","","ods:20260804_export_bdd_prelevement_samy.ods"
"1018","4B","4","","ods:20260804_export_bdd_prelevement_samy.ods"
"1019","4B","4","","ods:20260804_export_bdd_prelevement_samy.ods"
"1020","2A","2","","ods:20260804_export_bdd_prelevement_samy.ods"
"1021","4B","4","","ods:20260804_export_bdd_prelevement_samy.ods"
"1022","7d, 4B","7","4","ods:20260804_export_bdd_prelevement_samy.ods"
"1023","4B","4","","ods:20260804_export_bdd_prelevement_samy.ods"
"1024","4B","4","","ods:20260804_export_bdd_prelevement_samy.ods"
"1025","10","10","","ods:20260804_export_bdd_prelevement_samy.ods"
"1026","4B","4","","ods:20260804_export_bdd_prelevement_samy.ods"
"1027","2","2","","ods:20260804_export_bdd_prelevement_samy.ods"
"1028","2","2","","ods:20260804_export_bdd_prelevement_samy.ods"
"1029","2","2","","ods:20260804_export_bdd_prelevement_samy.ods"
"1030","2","2","","ods:20260804_export_bdd_prelevement_samy.ods"
"1031","4B","4","","ods:20260804_export_bdd_prelevement_samy.ods"
"1032","4B","4","","ods:20260804_export_bdd_prelevement_samy.ods"
"1033","4B","4","","ods:20260804_export_bdd_prelevement_samy.ods"
"1034","4B","4","","ods:20260804_export_bdd_prelevement_samy.ods"
"1035","2","2","","ods:20260804_export_bdd_prelevement_samy.ods"
"1036","2","2","","ods:20260804_export_bdd_prelevement_samy.ods"
"1037","2","2","","ods:20260804_export_bdd_prelevement_samy.ods"
"1038","4B","4","","ods:20260804_export_bdd_prelevement_samy.ods"
"1039","4B","4","","ods:20260804_export_bdd_prelevement_samy.ods"
"1040","2","2","","ods:20260804_export_bdd_prelevement_samy.ods"
"1041","2","2","","ods:20260804_export_bdd_prelevement_samy.ods"
"1042","17","17","","ods:20260804_export_bdd_prelevement_samy.ods"
"1043","17","17","","ods:20260804_export_bdd_prelevement_samy.ods"
"1044","4B","4","","ods:20260804_export_bdd_prelevement_samy.ods"
"1045","17","17","","ods:20260804_export_bdd_prelevement_samy.ods"
"1046","2","2","","ods:20260804_export_bdd_prelevement_samy.ods"
"1047","2","2","","ods:20260804_export_bdd_prelevement_samy.ods"
"1048","2","2","","ods:20260804_export_bdd_prelevement_samy.ods"
"1049","4B","4","","ods:20260804_export_bdd_prelevement_samy.ods"
"1050","2","2","","ods:20260804_export_bdd_prelevement_samy.ods"
"1051","2","2","","ods:20260804_export_bdd_prelevement_samy.ods"
"1052","2","2","","ods:20260804_export_bdd_prelevement_samy.ods"
"1053","2","2","","ods:20260804_export_bdd_prelevement_samy.ods"
"1054","17","17","","ods:20260804_export_bdd_prelevement_samy.ods"
"1055","4B","4","","ods:20260804_export_bdd_prelevement_samy.ods"
"1056","2","2","","ods:20260804_export_bdd_prelevement_samy.ods"
"1057","2","2","","ods:20260804_export_bdd_prelevement_samy.ods"
"1058","17","17","","ods:20260804_export_bdd_prelevement_samy.ods"
"1059","2","2","","ods:20260804_export_bdd_prelevement_samy.ods"
"1060","2","2","","ods:20260804_export_bdd_prelevement_samy.ods"
"1061","2","2","","ods:20260804_export_bdd_prelevement_samy.ods"
"1062","2","2","","ods:20260804_export_bdd_prelevement_samy.ods"
"1063","2","2","","ods:20260804_export_bdd_prelevement_samy.ods"
"1064","4B","4","","ods:20260804_export_bdd_prelevement_samy.ods"
"1065","2","2","","ods:20260804_export_bdd_prelevement_samy.ods"
"1066","17","17","","ods:20260804_export_bdd_prelevement_samy.ods"
"1067","2","2","","ods:20260804_export_bdd_prelevement_samy.ods"
"1068","2","2","","ods:20260804_export_bdd_prelevement_samy.ods"
"1069","4B","4","","ods:20260804_export_bdd_prelevement_samy.ods"
"1070","2","2","","ods:20260804_export_bdd_prelevement_samy.ods"
"1071","2","2","","ods:20260804_export_bdd_prelevement_samy.ods"
"1072","2","2","","ods:20260804_export_bdd_prelevement_samy.ods"
"1073","2","2","","ods:20260804_export_bdd_prelevement_samy.ods"
"1074","4B","4","","ods:20260804_export_bdd_prelevement_samy.ods"
"1075","4B","4","","ods:20260804_export_bdd_prelevement_samy.ods"
"1076","2","2","","ods:20260804_export_bdd_prelevement_samy.ods"
"1077","2","2","","ods:20260804_export_bdd_prelevement_samy.ods"
"1078","2","2","","ods:20260804_export_bdd_prelevement_samy.ods"
"1079","2","2","","ods:20260804_export_bdd_prelevement_samy.ods"
"1080","2","2","","ods:20260804_export_bdd_prelevement_samy.ods"
"1081","7c","7","","ods:20260804_export_bdd_prelevement_samy.ods"
"1082","2","2","","ods:20260804_export_bdd_prelevement_samy.ods"
"1083","2A, 5A","2","5","ods:20260804_export_bdd_prelevement_samy.ods"
"1084","6D","6","","ods:20260804_export_bdd_prelevement_samy.ods"
"1085","6D","6","","ods:20260804_export_bdd_prelevement_samy.ods"
"1086","6D","6","","ods:20260804_export_bdd_prelevement_samy.ods"
"1087","6D","6","","ods:20260804_export_bdd_prelevement_samy.ods"
"1088","6D","6","","ods:20260804_export_bdd_prelevement_samy.ods"
"1089","6","6","","ods:20260804_export_bdd_prelevement_samy.ods"
"1090","8","8","","ods:20260804_export_bdd_prelevement_samy.ods"
"1091","2","2","","ods:20260804_export_bdd_prelevement_samy.ods"
"1092","2","2","","ods:20260804_export_bdd_prelevement_samy.ods"
"1093","2","2","","ods:20260804_export_bdd_prelevement_samy.ods"
"1094","2A, 5A, 3A","2","5|3","ods:20260804_export_bdd_prelevement_samy.ods"
"1095","2A, 5A, 3A","2","5|3","ods:20260804_export_bdd_prelevement_samy.ods"
"1096","5A","5","","ods:20260804_export_bdd_prelevement_samy.ods"
"1097","5A","5","","ods:20260804_export_bdd_prelevement_samy.ods"
"1098","5A","5","","ods:20260804_export_bdd_prelevement_samy.ods"
"1099","3A","3","","ods:20260804_export_bdd_prelevement_samy.ods"
"1100","2A","2","","ods:20260804_export_bdd_prelevement_samy.ods"
"1101","5A","5","","ods:20260804_export_bdd_prelevement_samy.ods"
"1102","2A, 3A","2","3","ods:20260804_export_bdd_prelevement_samy.ods"
"1103","5A","5","","ods:20260804_export_bdd_prelevement_samy.ods"
"1104","2A, 3A","2","3","ods:20260804_export_bdd_prelevement_samy.ods"
"1105","2A, 3A","2","3","ods:20260804_export_bdd_prelevement_samy.ods"
"1106","2A, 3A","2","3","ods:20260804_export_bdd_prelevement_samy.ods"
"1107","4B","4","","ods:20260804_export_bdd_prelevement_samy.ods"
"1108","4B","4","","ods:20260804_export_bdd_prelevement_samy.ods"
"1110","4B","4","","ods:20260804_export_bdd_prelevement_samy.ods"
"1111","3A","3","","ods:20260804_export_bdd_prelevement_samy.ods"
"1123","4B","4","","ods:20260804_export_bdd_prelevement_samy.ods"
"1130","4B","4","","ods:20260804_export_bdd_prelevement_samy.ods"
"1150","4B","4","","ods:20260804_export_bdd_prelevement_samy.ods"
"1155","4B","4","","ods:20260804_export_bdd_prelevement_samy.ods"
"1156","4B","4","","ods:20260804_export_bdd_prelevement_samy.ods"
"1157","4B","4","","ods:20260804_export_bdd_prelevement_samy.ods"
"1158","4B","4","","ods:20260804_export_bdd_prelevement_samy.ods"
"1159","4B","4","","ods:20260804_export_bdd_prelevement_samy.ods"
"1160","4B","4","","ods:20260804_export_bdd_prelevement_samy.ods"
"1161","4B","4","","ods:20260804_export_bdd_prelevement_samy.ods"
"1162","4B","4","","ods:20260804_export_bdd_prelevement_samy.ods"
"1163","4B","4","","ods:20260804_export_bdd_prelevement_samy.ods"
"1164","4B","4","","ods:20260804_export_bdd_prelevement_samy.ods"
"1165","4B","4","","ods:20260804_export_bdd_prelevement_samy.ods"
"1166","4B","4","","ods:20260804_export_bdd_prelevement_samy.ods"
"1167","4B","4","","ods:20260804_export_bdd_prelevement_samy.ods"
"1168","4B","4","","ods:20260804_export_bdd_prelevement_samy.ods"
"1169","4B","4","","ods:20260804_export_bdd_prelevement_samy.ods"
"1178","4B","4","","ods:20260804_export_bdd_prelevement_samy.ods"
"1179","4B","4","","ods:20260804_export_bdd_prelevement_samy.ods"
"1180","4B","4","","ods:20260804_export_bdd_prelevement_samy.ods"
"1181","4B","4","","ods:20260804_export_bdd_prelevement_samy.ods"
"1184","4B","4","","ods:20260804_export_bdd_prelevement_samy.ods"
"1185","4B","4","","ods:20260804_export_bdd_prelevement_samy.ods"
"1186","4B","4","","ods:20260804_export_bdd_prelevement_samy.ods"
"1187","4B","4","","ods:20260804_export_bdd_prelevement_samy.ods"
"1188","2A","2","","ods:20260804_export_bdd_prelevement_samy.ods"
"1189","5A","5","","ods:20260804_export_bdd_prelevement_samy.ods"
"1190","8","8","","ods:20260804_export_bdd_prelevement_samy.ods"
"1191","2","2","","ods:20260804_export_bdd_prelevement_samy.ods"
"1192","2","2","","ods:20260804_export_bdd_prelevement_samy.ods"
"1193","2","2","","ods:20260804_export_bdd_prelevement_samy.ods"
"1194","2","2","","ods:20260804_export_bdd_prelevement_samy.ods"
"1195","2","2","","ods:20260804_export_bdd_prelevement_samy.ods"
"1196","2A, 5A","2","5","ods:20260804_export_bdd_prelevement_samy.ods"
"1197","5A","5","","ods:20260804_export_bdd_prelevement_samy.ods"
"1198","5A","5","","ods:20260804_export_bdd_prelevement_samy.ods"
"1199","5A","5","","ods:20260804_export_bdd_prelevement_samy.ods"
"1200","5A","5","","ods:20260804_export_bdd_prelevement_samy.ods"
"1201","5A","5","","ods:20260804_export_bdd_prelevement_samy.ods"
"1202","5A","5","","ods:20260804_export_bdd_prelevement_samy.ods"
"1203","5A","5","","ods:20260804_export_bdd_prelevement_samy.ods"
"1204","5A","5","","ods:20260804_export_bdd_prelevement_samy.ods"
"1205","5A","5","","ods:20260804_export_bdd_prelevement_samy.ods"
"1206","2","2","","ods:20260804_export_bdd_prelevement_samy.ods"
"1207","2","2","","ods:20260804_export_bdd_prelevement_samy.ods"
"1208","4B","4","","ods:20260804_export_bdd_prelevement_samy.ods"
"1209","4B","4","","ods:20260804_export_bdd_prelevement_samy.ods"
"1210","2","2","","ods:20260804_export_bdd_prelevement_samy.ods"
"1211","4B","4","","ods:20260804_export_bdd_prelevement_samy.ods"
"1212","4B","4","","ods:20260804_export_bdd_prelevement_samy.ods"
"1213","2","2","","ods:20260804_export_bdd_prelevement_samy.ods"
"1214","4B","4","","ods:20260804_export_bdd_prelevement_samy.ods"
"1215","4B","4","","ods:20260804_export_bdd_prelevement_samy.ods"
"1216","4B","4","","ods:20260804_export_bdd_prelevement_samy.ods"
"1219","5A","5","","ods:20260804_export_bdd_prelevement_samy.ods"
"1220","5A","5","","ods:20260804_export_bdd_prelevement_samy.ods"
"1221","5A, 2A","5","2","ods:20260804_export_bdd_prelevement_samy.ods"
"1222","5A","5","","ods:20260804_export_bdd_prelevement_samy.ods"
"1223","5A","5","","ods:20260804_export_bdd_prelevement_samy.ods"
"1224","5A","5","","ods:20260804_export_bdd_prelevement_samy.ods"
"1225","5A","5","","ods:20260804_export_bdd_prelevement_samy.ods"
"1226","5A","5","","ods:20260804_export_bdd_prelevement_samy.ods"
"1227","2A","2","","ods:20260804_export_bdd_prelevement_samy.ods"
"1230","4B","4","","ods:20260804_export_bdd_prelevement_samy.ods"
"1231","4B","4","","ods:20260804_export_bdd_prelevement_samy.ods"
"1232","4B","4","","ods:20260804_export_bdd_prelevement_samy.ods"
"1233","4B","4","","ods:20260804_export_bdd_prelevement_samy.ods"
"1234","4B","4","","ods:20260804_export_bdd_prelevement_samy.ods"
"1235","4B","4","","ods:20260804_export_bdd_prelevement_samy.ods"
"1236","4B","4","","ods:20260804_export_bdd_prelevement_samy.ods"
"1237","4B","4","","ods:20260804_export_bdd_prelevement_samy.ods"
"1238","2","2","","ods:20260804_export_bdd_prelevement_samy.ods"
"1239","4B","4","","ods:20260804_export_bdd_prelevement_samy.ods"
"1240","2A, 3A","2","3","ods:20260804_export_bdd_prelevement_samy.ods"
"1242","2","2","","ods:20260804_export_bdd_prelevement_samy.ods"
"1243","2A","2","","ods:20260804_export_bdd_prelevement_samy.ods"
"1244","2","2","","ods:20260804_export_bdd_prelevement_samy.ods"
"1245","AEP","5","","override:AEP posterieur au fichier ODS"
"1246","AEP","5","","override:AEP posterieur au fichier ODS"
"1247","AEP","5","","override:AEP posterieur au fichier ODS"
"1248","AEP","5","","override:AEP posterieur au fichier ODS"
"1249","AEP","5","","override:AEP posterieur au fichier ODS"
"1250","AEP","5","","override:AEP posterieur au fichier ODS"
"1251","4B","4","","override:Camion citerne posterieur au fichier ODS"
"1252","4B","4","","override:Camion citerne posterieur au fichier ODS"
